URI_Name;Provincia;Canton;Parroquia;Latitud;Longitud;Nombre;Direccion;Tipo;RegimenEscolar;Modalidad;JornadaLaboral;DocentesFemenino;DocentesMasculino;TotalDocentes;TotalAdministrativos;EstudiantesFemenino;EstudiantesMasculino;Total_Alumnos
COLEGIODEBACHILLERATO2DEAGOSTO;Loja_Province;ESPINDOLA;ELAIRO;-4,47194595;-79,38666882;COLEGIO DE BACHILLERATO  2 DE AGOSTO;   BARRIO LA HUACA;FiscalHighSchool;Costa;Presencial;Matutina;7;3;10;2;63;81;144
COLEGIODEBACHILLERATOAGUSTINCURIPOMA;Loja_Province;LOJA;GUALEL;-3,770003863;-79,3799719;COLEGIO DE BACHILLERATO  AGUSTIN CURIPOMA;   PARROQUIA GUALEL;FiscalHighSchool;Sierra;Presencial;Matutina;2;6;8;2;52;25;77
COLEGIODEBACHILLERATOLATINGUE;Loja_Province;OLMEDO;LATINGUE;-3,910695867;-79,58210788;COLEGIO DE BACHILLERATO  LA TINGUE;   PARROQUIA LA TINGUE;FiscalHighSchool;Costa;Presencial;Matutina;5;3;8;2;44;45;89
COLEGIODEBACHILLERATOLICMIGUELANTOLIANOSALINASJARAMILLO;Loja_Province;QUILANGA;SANANTONIODELASARADAS;-4,364194784;-79,39869474;COLEGIO DE BACHILLERATO  LIC  MIGUEL ANTOLIANO SALINAS JARAMILLO;   PROLONGACION DE LA ESCALINATA DEL PARQUE CENTRAL;FiscalHighSchool;Costa;Presencial;Matutina;6;4;10;4;40;55;95
COLEGIODEBACHILLERATOPIOJARAMILLOALVARADO;Loja_Province;LOJA;SANSEBASTIAN;-4,003418748;-79,20204597;COLEGIO DE BACHILLERATO  PIO JARAMILLO ALVARADO;BOLIVAR 1479 CATACOCHA Y LOURDES ;FiscalHighSchool;Sierra;Presencial;Matutina,Vespertina,Nocturno;47;20;67;5;974;201;1175
COLEGIODEBACHILLERATOQUILANGA;Loja_Province;QUILANGA;QUILANGA;-4,294694893;-79,4019127;COLEGIO DE BACHILLERATO  QUILANGA;   BARRIO SANN ROQUE;FiscalHighSchool;Costa;Presencial;Matutina;10;12;22;5;165;178;343
COLEGIODEBACHILLERATO12DEDICIEMBRE;Loja_Province;CELICA;CELICA;-4,104940523;-79,95347243;COLEGIO DE BACHILLERATO 12 DE DICIEMBRE;CALLE COLON VIA A GUACHAMA 300 CALLE LOJA ;FiscalHighSchool;Costa;Presencial;Matutina,Nocturno;8;13;21;6;94;130;224
COLEGIODEBACHILLERATO14DEOCTUBRE;Loja_Province;CALVAS;ELLUCERO;-4,400078925;-79,46321844;COLEGIO DE BACHILLERATO 14 DE OCTUBRE;   AVENIDA ESPINDOLA  PARROQUIA EL LUCERO;FiscalHighSchool;Costa;Presencial;Matutina;3;7;10;5;89;93;182
COLEGIODEBACHILLERATO18DENOVIEMBRE;Loja_Province;SOZORANGA;SOZORANGA;-4,32711164;-79,78975135;COLEGIO DE BACHILLERATO 18 DE NOVIEMBRE;   BARRIO SAN VICENTE;FiscalHighSchool;Costa;Presencial;Matutina,Nocturno;13;11;24;5;102;116;218
COLEGIODEBACHILLERATO27DEFEBRERO;Loja_Province;LOJA;SANSEBASTIAN;-4,0145026;-79,20516425;COLEGIO DE BACHILLERATO 27 DE FEBRERO;PABLO PALACIO 21-51 JHON F  KENNEDY ;FiscalHighSchool;Sierra;Presencial;Matutina,Vespertina;50;27;77;9;572;576;1148
COLEGIODEBACHILLERATO30DESEPTIEMBRE;Loja_Province;GONZANAMA;PURUNUMA(EGUIGUREN);-4,210332743;-79,37280365;COLEGIO DE BACHILLERATO 30 DE SEPTIEMBRE;   TRECE DE SEPTIEMBRE;FiscalHighSchool;Costa;Presencial;Matutina;5;5;10;2;34;48;82
COLEGIODEBACHILLERATO8DEDICIEMBRE;Loja_Province;CATAMAYO;SANPEDRODELABENDITA;-3,944030198;-79,43500171;COLEGIO DE BACHILLERATO 8 DE DICIEMBRE;   LOCALIDAD SAN PEDRO DE LA BENDITA;FiscalHighSchool;Sierra;Presencial;Matutina;13;8;21;2;161;202;363
COLEGIODEBACHILLERATOABDONCALDERONMUnOZ;Loja_Province;LOJA;SANTIAGO;-3,790059874;-79,28533633;COLEGIO DE BACHILLERATO ABDON CALDERON MUÑOZ;   AVENIDA AMADEO AGUIRRE;FiscalHighSchool;Sierra;Presencial;Matutina;5;4;9;2;62;61;123
COLEGIODEBACHILLERATOADOLFOVALAREZO;Loja_Province;LOJA;SUCRE;-3,993026503;-79,20916382;COLEGIO DE BACHILLERATO ADOLFO VALAREZO;CARLOS ROMAN HINOSTROZA  ADOLFO VALAREZO Y  MANUEL CARRION PINZANO ;FiscalHighSchool;Sierra;Presencial;Matutina,Vespertina;54;22;76;8;714;1073;1787
COLEGIODEBACHILLERATOBALBINAMORENO;Loja_Province;GONZANAMA;GONZANAMA;-4,22919057;-79,43552962;COLEGIO DE BACHILLERATO BALBINA MORENO;24 DE MAYO  CALLE BOLIVAR ;FiscomitionalHighSchool;Costa;Presencial;Matutina;7;7;14;2;106;86;192
COLEGIODEBACHILLERATOBEATRIZCUEVADEAYORA;Loja_Province;LOJA;ELSAGRARIO;-3,996337201;-79,19733427;COLEGIO DE BACHILLERATO BEATRIZ CUEVA DE AYORA;ORILLAS DEL ZAMORA 07-90 10 DE AGOSTO ;FiscalHighSchool;Sierra;Presencial;Matutina,Vespertina;86;34;120;10;189;473;2363
COLEGIODEBACHILLERATOCARLOSGARBAYMONTESDEOCA;Loja_Province;PUYANGO;MERCADILLO;-4,023968317;-79,97619427;COLEGIO DE BACHILLERATO CARLOS GARBAY MONTESDEOCA;   PARROQUIA MERCADILLO - VIA SAN JOSE;FiscalHighSchool;Costa;Presencial;Matutina;3;8;11;3;72;90;162
COLEGIODEBACHILLERATOCHAGUARPAMBA;Loja_Province;CHAGUARPAMBA;CHAGUARPAMBA;-3,847751498;-79,67927969;COLEGIO DE BACHILLERATO CHAGUARPAMBA;   BARRIO LA UNION;FiscalHighSchool;Costa;Presencial;Matutina;7;9;16;6;134;155;289
COLEGIODEBACHILLERATOCOMUNADOMINGUILLO;Loja_Province;CELICA;CELICA;-4,152612046;-79,99011183;COLEGIO DE BACHILLERATO COMUNA DOMINGUILLO;   BARRIO LAS PAMPAS;FiscalHighSchool;Costa;Presencial;Matutina;2;6;8;0;22;28;50
COLEGIODEBACHILLERATODOCTORBENJAMINCARRION;Loja_Province;LOJA;SUCRE;-4,008082475;-79,20516926;COLEGIO DE BACHILLERATO DOCTOR BENJAMIN CARRION;AV. PIO JARAMILLO  CUBA ;FiscalHighSchool;Sierra;Presencial;Nocturno;7;5;12;4;83;125;208
COLEGIODEBACHILLERATODREDUARDOMORAMORENO;Loja_Province;LOJA;CHANTACO;-3,880363687;-79,32669767;COLEGIO DE BACHILLERATO DR  EDUARDO MORA MORENO;   CHANTACO CENTRO  CERCA  DEL  RETÉN POLICIAL;FiscalHighSchool;Sierra;Presencial;Matutina;6;3;9;2;91;87;178
COLEGIODEBACHILLERATODRBALTAZARAGUIRRE;Loja_Province;LOJA;QUINARA;-4,317864376;-79,23505784;COLEGIO DE BACHILLERATO DR BALTAZAR AGUIRRE;   A DOS CUADRAS DEL PARQUE CENTRAL;FiscalHighSchool;Sierra;Presencial;Matutina;3;6;9;2;92;97;189
COLEGIODEBACHILLERATODRCLOTARIOPAZPALADINES;Loja_Province;PINDAL;12DEDICIEMBRE;-4,071115153;-80,09075347;COLEGIO DE BACHILLERATO DR CLOTARIO PAZ PALADINES;   PARROQUIA   12  DE  DICIEMBRE;FiscalHighSchool;Costa;Presencial;Matutina;6;3;9;2;48;72;120
COLEGIODEBACHILLERATODRHUGOGUILLERMOGONZALEZ;Loja_Province;ESPINDOLA;SANTATERESITA;-4,50211;-79,40533618;COLEGIO DE BACHILLERATO DR HUGO GUILLERMO GONZALEZ;   VIA PRINCIPAL CARIAMNAGA JUNTO A LA URNA  DEL DIVINO NIÑO;FiscalHighSchool;Costa;Presencial;Matutina;5;4;9;2;29;28;57
COLEGIODEBACHILLERATODRJUANFRANCISCOONTANEDA;Loja_Province;CHAGUARPAMBA;BUENAVISTA;-3,891726688;-79,71480855;COLEGIO DE BACHILLERATO DR JUAN FRANCISCO ONTANEDA;   BARRIO BUENAVISTA CENTRO;FiscalHighSchool;Costa;Presencial;Matutina;5;5;10;4;71;71;142
COLEGIODEBACHILLERATODRMANUELAGUSTINAGUIRRE;Loja_Province;SOZORANGA;TACAMOROS;-4,39525015;-79,76475382;COLEGIO DE BACHILLERATO DR MANUEL AGUSTIN AGUIRRE;   BARRIO LAS DELICIAS;FiscalHighSchool;Costa;Presencial;Matutina;2;6;8;2;48;44;92
COLEGIODEBACHILLERATODRZOILORODRIGUEZ;Loja_Province;SOZORANGA;TACAMOROS;-4,421946453;-79,74113624;COLEGIO DE BACHILLERATO DR ZOILO RODRIGUEZ;   PARROQUIA TACAMOROS UBICADO   A DIEZ KILOMETROS DE FRONTERA;FiscalHighSchool;Costa;Presencial;Matutina;5;7;12;5;50;74;124
COLEGIODEBACHILLERATOECUADOR;Loja_Province;ESPINDOLA;27DEABRIL;-4,441865282;-79,45705933;COLEGIO DE BACHILLERATO ECUADOR;   VIA PRINCIPAL CARIAMANGA-AMALUZA DESVIA EN EL SITIO LAS LIMAS 3 KM;FiscalHighSchool;Costa;Presencial;Matutina;3;8;11;4;97;122;219
COLEGIODEBACHILLERATOEDMUNDOCEVALLOSAGUIRRE;Loja_Province;CALVAS;COLAISACA;-4,31874867;-79,69378106;COLEGIO DE BACHILLERATO EDMUNDO CEVALLOS AGUIRRE;   LOCALIDAD COLAISACA;FiscalHighSchool;Costa;Presencial;Matutina;1;7;8;6;25;35;60
COLEGIODEBACHILLERATOELCISNE;Loja_Province;LOJA;ELCISNE;-3,84949797;-79,42022156;COLEGIO DE BACHILLERATO EL CISNE;   VIA A GUALEL BARRIO LA CONCHA EL CISNE;FiscalHighSchool;Sierra;Presencial;Matutina;3;5;8;3;48;44;92
COLEGIODEBACHILLERATOELLIMO;Loja_Province;PUYANGO;ELLIMO(MARIANADEJESUS);-3,986552655;-80,13825292;COLEGIO DE BACHILLERATO EL LIMO;   KM   11/2 VIA A MANGAHURCO MARGEN DERECHO PARROQUIA EL LIMO;FiscalHighSchool;Costa;Presencial;Matutina;10;2;12;4;73;79;152
COLEGIODEBACHILLERATOEMILIANOABENDAnOGONZALEZ;Loja_Province;CATAMAYO;ELTAMBO;-4,144447994;-79,29333228;COLEGIO DE BACHILLERATO EMILIANO ABENDAÑO GONZALEZ;   Barrio La Merced Alta;FiscalHighSchool;Costa;Presencial;Matutina;3;5;8;3;50;66;116
COLEGIODEBACHILLERATOEMILIANOORTEGAESPINOZA;Loja_Province;CATAMAYO;CATAMAYO;-3,985779994;-79,36336136;COLEGIO DE BACHILLERATO EMILIANO ORTEGA ESPINOZA;DIEZ Y OCHO DE AGOSTO  OLMEDO Y EUGENIO ESPEJO ;FiscalHighSchool;Sierra;Presencial;Matutina;33;20;53;8;645;807;1452
COLEGIODEBACHILLERATOFISCOMISIONALGABRIELGARCIAMORENO;Loja_Province;ESPINDOLA;ELINGENIO;-4,410831334;-79,43277869;COLEGIO DE BACHILLERATO FISCOMISIONAL  GABRIEL GARCIA MORENO;   A 200M DE LA VIA AMALUZA PASANDO LA VIA PRINCIPAL A MANO IZQUIERDA;FiscomitionalHighSchool;Costa;Presencial;Matutina;7;8;15;3;108;109;217
COLEGIODEBACHILLERATOFISCOMISIONALDANIELALVAREZBURNEO;Loja_Province;LOJA;VALLE;-3,987918158;-79,20119734;COLEGIO DE BACHILLERATO FISCOMISIONAL DANIEL ALVAREZ BURNEO;AV DANIEL ALVAREZ 12-51 AV ORILLAS DEL ZAMORA ;FiscomitionalHighSchool;Sierra;Presencial;Matutina;85;75;160;31;1.629;1404;3033
COLEGIODEBACHILLERATOFISCOMISIONALNUESTRASEnORADELROSARIO;Loja_Province;CATAMAYO;CATAMAYO;-3,985747544;-79,36069603;COLEGIO DE BACHILLERATO FISCOMISIONAL NUESTRA SEÑORA DEL ROSARIO;9 DE OCTUBRE  EUGENIO ESPEJO ;FiscomitionalHighSchool;Sierra;Presencial;Matutina;41;18;59;4;676;323;999
COLEGIODEBACHILLERATOGALOROLANDOVELEZRIVERA;Loja_Province;ZAPOTILLO;PALETILLAS;-4,163887931;-80,27322476;COLEGIO DE BACHILLERATO GALO ROLANDO VELEZ RIVERA;   PARROQUIA PALETILLAS;FiscalHighSchool;Costa;Presencial;Matutina;7;5;12;2;102;108;210
COLEGIODEBACHILLERATOGUILLERMOHERRERASANCHEZ;Loja_Province;LOJA;TAQUIL(MIGUELRIOFRIO);-3,893275869;-79,29013609;COLEGIO DE BACHILLERATO GUILLERMO HERRERA SANCHEZ;   CENTRO TAQUIL;FiscalHighSchool;Sierra;Presencial;Matutina;3;4;7;2;40;40;80
COLEGIODEBACHILLERATOHERNANGALLARDOMOSCOSO;Loja_Province;LOJA;SUCRE;-3,983691623;-79,23699755;COLEGIO DE BACHILLERATO HERNAN GALLARDO MOSCOSO;AV ISIDRO AYORA  BARQUISIMETO ;FiscalHighSchool;Sierra;Presencial;Matutina;5;6;11;3;96;106;202
COLEGIODEBACHILLERATOJOSEFELIXDEVALDIVIESO;Loja_Province;GONZANAMA;SACAPALCA;-4,153556473;-79,51786061;COLEGIO DE BACHILLERATO JOSE FELIX DE VALDIVIESO;   TRAS LA ESCUELA CALIXTO CUEVA SANCHEZ;FiscalHighSchool;Costa;Presencial;Matutina;5;2;7;3;77;59;136
COLEGIODEBACHILLERATOJOSEMARIARIOFRIOYVALDIVIEZO;Loja_Province;SOZORANGA;NUEVAFATIMA;-4,267579819;-79,81941478;COLEGIO DE BACHILLERATO JOSE MARIA RIOFRIO Y VALDIVIEZO;   POBLACION DE LA PARROQUIA;FiscalHighSchool;Costa;Presencial;Matutina;2;6;8;2;47;51;98
COLEGIODEBACHILLERATOJULIOISAACESPINOZAOCHOA;Loja_Province;PUYANGO;ALAMOR;-4,018385218;-80,01858092;COLEGIO DE BACHILLERATO JULIO ISAAC ESPINOZA OCHOA;CALLE SIMON BOLIVAR ENTRE SUCRE Y JUAN MONTALVO  CALLE SUCHE  Y  RIO AMAZONAS ;FiscalHighSchool;Costa;Presencial;Matutina,Nocturno;19;8;27;4;248;258;506
COLEGIODEBACHILLERATOLAVICTORIA;Loja_Province;MACARA;LAVICTORIA;-4,436721961;-79,79325181;COLEGIO DE BACHILLERATO LA VICTORIA;   Localidad La victoria;FiscalHighSchool;Costa;Presencial;Matutina;4;6;10;3;42;60;102
COLEGIODEBACHILLERATOLAUTAROVICENTELOAYZA;Loja_Province;PUYANGO;ALAMOR;-4,009143133;-80,07488822;COLEGIO DE BACHILLERATO LAUTARO VICENTE LOAYZA;   COMUNIDAD DE NARANJAL A 200 METROS ANTES DEL CASERIO;FiscalHighSchool;Costa;Presencial;Matutina;2;6;8;3;27;49;76
COLEGIODEBACHILLERATOLIBERTADORBOLIVAR;Loja_Province;LOJA;JIMBILLA;-3,859999833;-79,16980912;COLEGIO DE BACHILLERATO LIBERTADOR BOLIVAR;   CENTRO PARROQUIA CERCA DEL SUBCENTRO DE SALUD;FiscalHighSchool;Sierra;Presencial;Matutina;6;2;8;2;42;45;87
COLEGIODEBACHILLERATOLICEODELOJAPARTICULAR;Loja_Province;LOJA;SANSEBASTIAN;-4,030026386;-79,20422082;COLEGIO DE BACHILLERATO LICEO DE LOJA PARTICULAR;NO HAY  NO HAY ;LaicHighSchool;Sierra;Presencial;Matutina;24;16;40;27;255;258;513
COLEGIODEBACHILLERATOMACARA;Loja_Province;MACARA;GENERALELOYALFARO(SANSEBASTIAN);-4,371474136;-79,93730818;COLEGIO DE BACHILLERATO MACARA;AV PANAMERICANA NORTE 01-03 VIA CARIAMANGA ;FiscalHighSchool;Costa;Presencial;Matutina,Nocturno;34;22;56;8;380;491;871
COLEGIODEBACHILLERATOMANGAHURCO;Loja_Province;ZAPOTILLO;CAZADEROS(CAB.ENMANGAURCO);-4,155613745;-80,43077598;COLEGIO DE BACHILLERATO MANGAHURCO;   RECINTO MANGAHURCO;FiscalHighSchool;Costa;Presencial;Matutina;3;6;9;3;30;25;55
COLEGIODEBACHILLERATOMANUELBENJAMINCARRION;Loja_Province;LOJA;YANGANA(ARSENIOCASTILLO);-4,363137935;-79,17736261;COLEGIO DE BACHILLERATO MANUEL BENJAMIN CARRION;   CENTRO DE YANGANA;FiscalHighSchool;Sierra;Presencial;Matutina;8;6;14;3;91;132;223
COLEGIODEBACHILLERATOMANUELCARRIONPINZANO;Loja_Province;PUYANGO;VICENTINO;-3,962670273;-79,94258532;COLEGIO DE BACHILLERATO MANUEL CARRION PINZANO;   ANGEL LIMA ENTRE MANUEL RAMIREZ Y MIGUEL CALLE;FiscalHighSchool;Costa;Presencial;Matutina;6;5;11;3;62;76;138
COLEGIODEBACHILLERATOMANUELENRIQUERENGEL;Loja_Province;LOJA;ELSAGRARIO;-3,99147938;-79,20463814;COLEGIO DE BACHILLERATO MANUEL ENRIQUE RENGEL;AV. UNIVERSITARIA  JUAN DE SALINAS ENTRE  DIECIOCHO DE NOVIEMBRE Y AVENIDA UNIVERSIARIA ;FiscalHighSchool;Sierra;Presencial;Nocturno;8;5;13;3;70;106;176
COLEGIODEBACHILLERATOMARCOSOCHOAMUnOZ;Loja_Province;PUYANGO;CIANO;-3,945805346;-79,99727619;COLEGIO DE BACHILLERATO MARCOS OCHOA MUÑOZ;   UBICADO EN EL BARRIO LAS COCHAS PARROQUIA CIANO;FiscalHighSchool;Costa;Presencial;Matutina;0;7;7;2;68;67;135
COLEGIODEBACHILLERATOMATILDEHIDALGODEPROCEL;Loja_Province;CHAGUARPAMBA;SANTARUFINA;-3,851082572;-79,76522455;COLEGIO DE BACHILLERATO MATILDE HIDALGO DE PROCEL;   ACCESO POR EL PUENTE DEL RÍO PINDO;FiscalHighSchool;Costa;Presencial;Matutina;4;4;8;3;54;56;110
COLEGIODEBACHILLERATOMONSLEONIDASPROAnOVILLALBA;Loja_Province;CATAMAYO;ELTAMBO;-4,071662614;-79,30639171;COLEGIO DE BACHILLERATO MONS LEONIDAS PROAÑO VILLALBA;   PARROQUIA EL TAMBO;FiscalHighSchool;Costa;Presencial;Matutina;8;7;15;4;89;139;228
COLEGIODEBACHILLERATOPARTICULARANTONIOPEnACELI;Loja_Province;LOJA;VALLE;-3,994387517;-79,20302909;COLEGIO DE BACHILLERATO PARTICULAR  ANTONIO PEÑA CELI;BARRIO COLINAS DE BELEN  COLINAS DE BELEN ;ReligiousHighSchool;Sierra;Presencial;Matutina;13;8;21;12;141;163;304
COLEGIODEBACHILLERATOPARTICULARCORDILLERA;Loja_Province;LOJA;ELSAGRARIO;-3,996074172;-79,20108054;COLEGIO DE BACHILLERATO PARTICULAR CORDILLERA;BERNARDO VALDIVIESO 06-34 JOSÉ ANTONIO EGUIGUREN ;LaicHighSchool;Sierra;Presencial;Matutina;23;8;31;8;128;118;246
COLEGIODEBACHILLERATOPARTICULARDRJOSEMARIAVIVARCASTRO;Loja_Province;LOJA;SUCRE;-3,980536;-79,224648;COLEGIO DE BACHILLERATO PARTICULAR DR JOSE MARIA VIVAR CASTRO;BELEN BAJO  CHARITI Y PROLONGACION DE LA BUENA VENTURA ;LaicHighSchool;Sierra;Presencial;Matutina;3;2;5;3;15;32;47
COLEGIODEBACHILLERATOPARTICULAREUGENIOESPEJO;Loja_Province;LOJA;VALLE;-3,957447939;-79,21080726;COLEGIO DE BACHILLERATO PARTICULAR EUGENIO ESPEJO;AV. SALVADOR BUSTAMANTE CELI 00 S/N ;LaicHighSchool;Sierra;Presencial;Matutina;39;11;50;27;432;335;767
COLEGIODEBACHILLERATOPARTICULARIBEROAMERICANOSANAGUSTÍN;Loja_Province;LOJA;VALLE;-3,973193312;-79,19947356;COLEGIO DE BACHILLERATO PARTICULAR IBEROAMERICANO SAN AGUSTÍN;AGUSTIN CARRION  AVENIDA SALVADOR BUSTAMANTE CELI ;LaicHighSchool;Sierra;Presencial;Matutina;12;6;18;5;95;89;184
COLEGIODEBACHILLERATOPARTICULARMIGUELANGELSUAREZ;Loja_Province;LOJA;VALLE;-3,981580628;-79,20175135;COLEGIO DE BACHILLERATO PARTICULAR MIGUEL ANGEL SUAREZ;AV SALVADOR BUSTAMANTE CELI  AV GUAYAQUIL Y PASAJE ;ReligiousHighSchool;Sierra;Presencial;Matutina;5;11;16;6;70;167;237
COLEGIODEBACHILLERATOPARTICULARPARAPCEIDRJOSEMARIAVIVARCASTRO;Loja_Province;LOJA;SUCRE;-3,980643;-79,224691;COLEGIO DE BACHILLERATO PARTICULAR PARA PCEI DR JOSE MARIA VIVAR CASTRO;BELEN BAJO  CALLE CHARITY 0000000 BUENA VENTURA ;LaicHighSchool;Sierra;Distancia;Matutina;3;4;7;3;45;85;130
COLEGIODEBACHILLERATOPARTICULARPCEIAMAZONAS;Loja_Province;LOJA;ELSAGRARIO;-3,999989051;-79,20497079;COLEGIO DE BACHILLERATO PARTICULAR PCEI AMAZONAS;AVENIDA MANUEL AGUSTIN AGUIRRE 1063 ENTRE MIGUEL RIOFRIO Y AZUAY ;LaicHighSchool;Costa;Semipresencial;Matutina,Vespertina;7;2;9;9;26;50;76
COLEGIODEBACHILLERATOPARTICULARPCEIAMAZONAS;Loja_Province;LOJA;SUCRE;-3,999861389;-79,20448485;COLEGIO DE BACHILLERATO PARTICULAR PCEI AMAZONAS;AV MANUEL AGUISTIN AGUIRRE 10-63 AZUAY Y MIGUEL RIOFRIO ;LaicHighSchool;Sierra;Distancia;Matutina,Vespertina,Nocturno;6;4;10;10;99;182;281
COLEGIODEBACHILLERATOPARTICULARPCEIISIDROAYORACUEVA;Loja_Province;LOJA;SANSEBASTIAN;-4,002499463;-79,19522284;COLEGIO DE BACHILLERATO PARTICULAR PCEI ISIDRO AYORA CUEVA;AV. EMILIANO ORTEGA 1101-93 LOURDES ;LaicHighSchool;Sierra;Distancia;Matutina;10;2;12;3;155;165;320
COLEGIODEBACHILLERATOPARTICULARSANGERARDO;Loja_Province;LOJA;SANSEBASTIAN;-4,05210709;-79,19569882;COLEGIO DE BACHILLERATO PARTICULAR SAN GERARDO;KM  TRES Y MEDIO   VIA VILCABAMBA 1171 SIN NOMBRE ;LaicHighSchool;Sierra;Presencial;Matutina;59;20;79;24;434;478;912
COLEGIODEBACHILLERATOPCEIPIOJARAMILLOALVARADO;Loja_Province;LOJA;SANSEBASTIAN;-4,003418391;-79,2018839;COLEGIO DE BACHILLERATO PCEI  PIO JARAMILLO ALVARADO;BOLíVAR 1479 CATACOCHA ;FiscalHighSchool;Sierra;Semipresencial;Matutina;10;2;12;1;71;17;88
COLEGIODEBACHILLERATOPEDROVICTORFALCONI;Loja_Province;CATAMAYO;ZAMBI;-3,912498028;-79,53111095;COLEGIO DE BACHILLERATO PEDRO VICTOR FALCONI;   Calle sin nombre entrada a la parroquia Colina Alta;FiscalHighSchool;Costa;Presencial;Matutina;4;5;9;1;33;48;81
COLEGIODEBACHILLERATOPINDAL;Loja_Province;PINDAL;PINDAL;-4,116250853;-80,10455796;COLEGIO DE BACHILLERATO PINDAL;   BARRIO EL PANECILLO;FiscalHighSchool;Costa;Presencial;Matutina;24;12;36;4;402;453;855
COLEGIODEBACHILLERATOPRESIDENTEISIDROAYORA;Loja_Province;LOJA;SUCRE;-3,983334235;-79,21805375;COLEGIO DE BACHILLERATO PRESIDENTE ISIDRO AYORA;AVENIDA VIRGILIO RODAS  SIN NOMBRE ;FiscalHighSchool;Sierra;Presencial;Nocturno;2;5;7;1;52;68;120
COLEGIODEBACHILLERATOPROCERJOSEPICOITA;Loja_Province;CELICA;CRUZPAMBA;-4,161499347;-80,00085722;COLEGIO DE BACHILLERATO PROCER JOSE PICOITA;   PARROQUIA CRUZPAMBA;FiscalHighSchool;Costa;Presencial;Matutina;5;6;11;3;85;113;198
COLEGIODEBACHILLERATORAFAELRODRIGUEZPALACIOS;Loja_Province;LOJA;MALACATOS(VALLADOLID);-4,219218087;-79,25850274;COLEGIO DE BACHILLERATO RAFAEL RODRIGUEZ PALACIOS;   VIA A MALACATOS;FiscalHighSchool;Sierra;Presencial;Vespertina,Nocturno;12;4;16;3;96;154;250
COLEGIODEBACHILLERATORAMONRIOFRIOBUSTAMANTE;Loja_Province;PINDAL;CHAQUINAL;-4,046448046;-80,03658079;COLEGIO DE BACHILLERATO RAMON RIOFRIO BUSTAMANTE;   CHAQUINAL;FiscalHighSchool;Costa;Presencial;Matutina;4;5;9;2;60;85;145
COLEGIODEBACHILLERATOROSAHERLINDAGARCIADEGARCIA;Loja_Province;ESPINDOLA;AMALUZA;-4,580168165;-79,42836141;COLEGIO DE BACHILLERATO ROSA HERLINDA GARCIA DE GARCIA;LUIS CORDERO  LUIS CORDERO ;FiscalHighSchool;Costa;Presencial;Matutina;10;4;14;2;149;148;297
COLEGIODEBACHILLERATORVDOJORGESANCHEZMORENO;Loja_Province;MACARA;SABIANGO(LACAPILLA);-4,367053431;-79,81238578;COLEGIO DE BACHILLERATO RVDO JORGE SANCHEZ MORENO;   CALLE MACARA Y AV. MACARA;FiscalHighSchool;Costa;Presencial;Matutina;5;5;10;6;17;16;33
COLEGIODEBACHILLERATOSANPEDRODEVILCABAMBA;Loja_Province;LOJA;SANPEDRODEVILCABAMBA;-4,238250234;-79,21772165;COLEGIO DE BACHILLERATO SAN PEDRO DE VILCABAMBA;   BARRIO PANECILLO;FiscalHighSchool;Sierra;Presencial;Matutina,Vespertina;6;7;13;4;94;88;182
COLEGIODEBACHILLERATOSANVICENTEFERRER;Loja_Province;LOJA;CHUQUIRIBAMBA;-3,844691247;-79,34177571;COLEGIO DE BACHILLERATO SAN VICENTE FERRER;   BARRIO SAN VICENTE;FiscomitionalHighSchool;Sierra;Presencial;Matutina;13;10;23;4;92;132;224
COLEGIODEBACHILLERATOTNTEMAXIMILIANORODRIGUEZ;Loja_Province;CELICA;POZUL(SANJUANDEPOZUL);-4,116750042;-80,0590275;COLEGIO DE BACHILLERATO TNTE MAXIMILIANO RODRIGUEZ;   PARROQUIA POZUL;FiscalHighSchool;Costa;Presencial;Matutina;9;10;19;5;160;134;294
COLEGIODEBACHILLERATOTRECEDENOVIEMBRE;Loja_Province;CELICA;SABANILLA;-4,208333502;-80,12583419;COLEGIO DE BACHILLERATO TRECE DE NOVIEMBRE;   PARROQUIA SABANILLA;FiscalHighSchool;Costa;Presencial;Matutina;5;6;11;4;71;87;158
COLEGIODEBACHILLERATOVILCABAMBA;Loja_Province;LOJA;VILCABAMBA(VICTORIA);-4,261248298;-79,21905593;COLEGIO DE BACHILLERATO VILCABAMBA;   AV  DIEGO VACA DE VEGA  Y LA PAZ KM 1 VIA A YAMBURARA;FiscalHighSchool;Sierra;Presencial;Matutina,Nocturno;24;10;34;5;313;300;613
COLEGIODEBACHILLERATOZAPOTILLO;Loja_Province;ZAPOTILLO;ZAPOTILLO;-4,385360901;-80,24358226;COLEGIO DE BACHILLERATO ZAPOTILLO;CALLE PALETILLAS  9 DE OCTUBRE ;FiscalHighSchool;Costa;Presencial;Matutina;10;8;18;4;133;129;262
COLEGIONACIONALNOCTURNOCATAMAYO;Loja_Province;CATAMAYO;CATAMAYO;-3,985309193;-79,36308314;COLEGIO NACIONAL NOCTURNO CATAMAYO;18 DE AGOSTO 04-55 ENTRE OLMEDO Y EUGENIO ESPEJO BARRIO EL PORVENIR ;FiscalHighSchool;Sierra;Presencial;Nocturno;11;15;26;2;220;276;496
ESCUELADEEDUCACIONBASICACABOCASTILLO;Loja_Province;ESPINDOLA;BELLAVISTA;-4,504997303;-79,4525027;ESCUELA DE EDUCACION BASICA CABO CASTILLO;   BARRIO JIBIRUCHE;FiscalHighSchool;Costa;Presencial;Matutina;7;7;14;0;92;120;212
COLEGIODEBACHILLERATOFRONTERASUR;Loja_Province;PALTAS;CANGONAMA;-3,966531349;-79,70111315;COLEGIO DE BACHILLERATO FRONTERA SUR;   A 50 METROS DEL PARQUE;FiscalHighSchool;Costa;Presencial;Matutina;2;7;9;2;32;34;66
ESCUELADEEDUCACIONBASICAGENERALMOISESOLIVA;Loja_Province;CALVAS;UTUANA;-4,362196707;-79,72444086;ESCUELA DE EDUCACION BASICA GENERAL MOISES OLIVA;   PARROQUIA UTUANA;FiscalHighSchool;Costa;Presencial;Matutina;12;5;17;4;89;107;196
ESCUELADEEDUCACIÓNBÁSICALAURODAMERVALAYORAN1;Loja_Province;LOJA;SANSEBASTIAN;-4,013392764;-79,20624719;ESCUELA DE EDUCACIÓN BÁSICA LAURO DAMERVAL AYORA N 1;AVENIDA BENJAMIN CARRION 21197 PABLO PALACIO ;FiscalHighSchool;Sierra;Presencial;Matutina,Vespertina;41;15;56;2;510;687;1197
COLEGIODEBACHILLERATOMANUELJOSEJARAMILLO;Loja_Province;PALTAS;CASANGA;-4,01386084;-79,76466972;COLEGIO DE BACHILLERATO MANUEL  JOSE  JARAMILLO;   CENTRO PARROQUIA CASANGA - TRAS LA IGLESIA;FiscalHighSchool;Costa;Presencial;Matutina;4;5;9;4;58;49;107
COLEGIODEBACHILLERATOMACANDAMINE;Loja_Province;PALTAS;CASANGA;-4,015836874;-79,7263348;COLEGIO DE BACHILLERATO MACANDAMINE;   BARRIO MACANDAMINE;FiscalHighSchool;Costa;Presencial;Matutina;5;3;8;3;38;32;70
INSTITUTOTECNOLOGICOSUPERIORCARIAMANGA;Loja_Province;CALVAS;CARIAMANGA;-4,333292135;-79,5547447;INSTITUTO TECNOLOGICO SUPERIOR CARIAMANGA;JOSE ANGEL PALACIOS  GONZALEZ SUARES Y  MIGUEL PERALTA ;FiscalHighSchool;Costa;Presencial;Matutina;25;25;50;9;189;211;400
JOSEMARIAVELAZSJEXTENSIONN2CATAMAYO;Loja_Province;CATAMAYO;CATAMAYO;-3,990003605;-79,35905773;JOSE MARIA VELAZ SJ EXTENSION N2 CATAMAYO;NUEVE DE OCTUBRE 00 BOLIVAR Y EUGENIO ESPEJO ;LaicHighSchool;Sierra;Distancia;Matutina,Vespertina;7;5;12;5;42;39;81
RAMONSAMANIEGOPALACIOS;Loja_Province;PUYANGO;ELARENAL;-3,96169459;-79,9868363;RAMON SAMANIEGO PALACIOS;   VIA PRINCIPAL DE EL ARENAL;FiscalHighSchool;Costa;Presencial;Matutina;5;5;10;3;64;64;128
UNIDADEDUCATIVAFISCOMISIONALDOMINGOCELI;Loja_Province;PALTAS;CATACOCHA;-4,049385997;-79,64994149;UNIDAD EDUCATIVA FISCOMISIONAL DOMINGO CELI;DOMINGO CELI 7302 PALTAS E INDEPENDENCIA ;FiscomitionalHighSchool;Costa;Presencial;Matutina;34;8;42;3;479;373;852
TECNICOPUYANGO;Loja_Province;PUYANGO;ALAMOR;-4,016247769;-80,02386182;TECNICO PUYANGO;GABRIEL CAIZA  SUCRE ;FiscalHighSchool;Costa;Presencial;Matutina;12;19;31;6;169;189;358
U.E.ELOYALFARO;Loja_Province;CALVAS;SANVICENTE;-4,330880748;-79,55176715;U. E. ELOY ALFARO;   BARRIO SAN VICENTE;FiscalHighSchool;Costa;Presencial;Matutina,Nocturno;39;36;75;13;412;543;955
UNIDADEDUCATIVAPEDROVICENTEMALDONADO;Loja_Province;SARAGURO;ELPARAISODECELEN;-3,623412;-79,24087;UNIDAD EDUCATIVA PEDRO VICENTE MALDONADO;   CENTRO CELEN  VAUDILIO ARIAS Y VEINTE Y CUATRO  DE MAYO;FiscalHighSchool;Sierra;Presencial;Matutina;12;8;20;0;170;175;345
UNIDADEDUCATIUVANAMBACOLA;Loja_Province;GONZANAMA;NAMBACOLA;-4,133852;-79,423759;UNIDAD EDUCATIUVA NAMBACOLA;   A DOSCIENTOS METROS DEL PARQUE CENTRAL;FiscalHighSchool;Costa;Presencial;Matutina;6;15;21;6;121;138;259
UNIDADEDUCATIVACORAZONDEMARIA;Loja_Province;LOJA;ELCISNE;-3,850611386;-79,42566665;UNIDAD EDUCATIVA  CORAZON DE MARIA;   JUNTO AL CAMPO MARIANO;FiscomitionalHighSchool;Sierra;Presencial;Matutina;12;6;18;2;90;99;189
UNIDADEDUCATIVAFISCOMISIONALJULIOERNESTOCELI;Loja_Province;ESPINDOLA;JIMBURA;-4,626669281;-79,4613898;UNIDAD EDUCATIVA  FISCOMISIONAL JULIO ERNESTO CELI;   CALLE 24 DE ABRIL Y AVENIDA AMALUZA;FiscomitionalHighSchool;Costa;Presencial;Matutina;10;8;18;5;145;142;287
UNIDADEDUCATIVAMARIAAUXILIADORA;Loja_Province;CALVAS;CARIAMANGA;-4,32730119;-79,55745889;UNIDAD EDUCATIVA  MARIA AUXILIADORA;   BARRIO  CENTRAL;FiscomitionalHighSchool;Costa;Presencial;Matutina;26;8;34;3;501;153;654
UNIDADEDUCATIVABERNARDOVALDIVIESO;Loja_Province;LOJA;SANSEBASTIAN;-4,009221002;-79,20069167;UNIDAD EDUCATIVA BERNARDO VALDIVIESO;AV. EDUARDO KINGMAN 00 PABLO NERUDA Y CATAMAYO ;FiscalHighSchool;Sierra;Presencial;Matutina,Vespertina,Nocturno;91;75;166;31;1.257;2239;3496
UNIDADEDUCATIVABRASIL;Loja_Province;ZAPOTILLO;ZAPOTILLO;-4,382505;-80,238594;UNIDAD EDUCATIVA BRASIL;   BARRIO CEIBA CHICA;FiscalHighSchool;Costa;Presencial;Matutina;8;7;15;4;112;115;227
COLEGIODEBACHILLERATO29DEMAYO;Loja_Province;PALTAS;GUACHANAMA;-4,047777621;-79,88194598;COLEGIO DE BACHILLERATO 29 DE MAYO;   PARROQUIA GUACHANAMA BARRIO CENTRAL;FiscalHighSchool;Costa;Presencial;Matutina;6;3;9;4;14;44;58
UNIDADEDUCATIVACOMUNITARIAINTERCULTURALBILINGUERUMInAHUI;Loja_Province;LOJA;SANLUCAS;-3,712280517;-79,26608084;UNIDAD EDUCATIVA COMUNITARIA INTERCULTURAL BILINGUE RUMIÑAHUI;   BARRIO PICHIG;FiscalHighSchool;Sierra;Presencial;Matutina,Vespertina;11;6;17;1;101;102;203
UNIDADEDUCATIVACOTOPAXI;Loja_Province;ESPINDOLA;SANTATERESITA;-4,545530756;-79,41536104;UNIDAD EDUCATIVA COTOPAXI;   VIA AMALUZA CARIAMANGA BARRIO CANGOCHARA;FiscalHighSchool;Costa;Presencial;Matutina;6;10;16;0;88;89;177
UNIDADEDUCATIVADELMILENIO5DEJUNIO;Loja_Province;MACARA;MACARA(MANUELENRIQUERENGELSUQUILANDA);-4,385777849;-79,95236415;UNIDAD EDUCATIVA DEL MILENIO  5 DE JUNIO;AURIA MARIA ARIAS  MAXIMO ARTURO ROMAN Y ZOILA HERRERA ;FiscalHighSchool;Costa;Presencial;Matutina;18;4;22;2;188;208;396
UNIDADEDUCATIVADRMANUELAGUSTINCABRERALOZANO;Loja_Province;LOJA;SANSEBASTIAN;-4,029642462;-79,21463985;UNIDAD EDUCATIVA DR MANUEL AGUSTIN CABRERA LOZANO;CALLE PABLO PALACIOS  BARRIO SANTA TERESITA   SE UTILIZA LA INSTALACIONES DEL COLEGIO DE BACHILLERATO   VEINTE Y SIETE  DE ;FiscalHighSchool;Sierra;Presencial;Matutina,Vespertina;24;18;42;4;381;495;876
UNIDADEDUCATIVAEXPERIMENTALPARACIEGOSLUISBRAILLE;Loja_Province;LOJA;SANSEBASTIAN;-4,014753366;-79,19996822;UNIDAD EDUCATIVA EXPERIMENTAL PARA CIEGOS LUIS BRAILLE;BUGANVILLAS 2427 AVENIDA GOBERNACION DE MAINAS ;FiscalHighSchool;Sierra;Presencial;Nocturno;4;6;10;5;14;19;33
COLEGIODEBACHILLERATOTCNELLAUROGUERRERO;Loja_Province;PALTAS;LAUROGUERRERO;-3,967940278;-79,75849711;COLEGIO DE BACHILLERATO TCNEL LAURO GUERRERO;   BARRIO EL CASTILLO;FiscalHighSchool;Costa;Presencial;Matutina;4;6;10;5;49;66;115
ESCUELADEEDUCACIONBASICALATACUNGA;Loja_Province;SARAGURO;LLUZHAPA;-3,501028773;-79,33930508;ESCUELA DE EDUCACION BASICA LATACUNGA;   PARROQUIA  LLUZHAPA;FiscalHighSchool;Costa;Presencial;Matutina;9;5;14;0;86;116;202
COLEGIODEBACHILLERATOSEGUNDOCUEVACELI;Loja_Province;PALTAS;LOURDES;-4,081280081;-79,58394044;COLEGIO DE BACHILLERATO SEGUNDO CUEVA CELI;   BARRIO SAN VICENTE DEL RIO;FiscalHighSchool;Costa;Presencial;Matutina;2;4;6;3;22;27;49
UNIDADEDUCATIVAFISCOMISIONALLADOLOROSA;Loja_Province;LOJA;ELSAGRARIO;-3,995392628;-79,19955133;UNIDAD EDUCATIVA FISCOMISIONAL LA DOLOROSA;JOSE ANTONIO EGUIGUREN 11-92 OLMEDO ;ReligiousHighSchool;Sierra;Presencial;Matutina,Vespertina,Nocturno;42;65;107;12;178;1801;1979
UNIDADEDUCATIVAFISCOMISIONALLAINMACULADA;Loja_Province;LOJA;ELSAGRARIO;-3,998526381;-79,20185855;UNIDAD EDUCATIVA FISCOMISIONAL LA INMACULADA;BOLIVAR 09-35 ROCAFUERTE Y MIGUEL RIOFRIO ;FiscomitionalHighSchool;Sierra;Presencial;Matutina;58;15;73;15;1.332;92;1424
UNIDADEDUCATIVAFISCOMISIONALMARISTA;Loja_Province;MACARA;MACARA(MANUELENRIQUERENGELSUQUILANDA);-4,375554207;-79,94416905;UNIDAD EDUCATIVA FISCOMISIONAL MARISTA;AVENIDA PANAMERICANA 07-03 AVENIDA MARISTA ;FiscomitionalHighSchool;Costa;Presencial;Matutina;33;29;62;12;506;554;106
UNIDADEDUCATIVAFISCOMISIONALMONSALBERTOZAMBRANOPALACIOS;Loja_Province;OLMEDO;OLMEDO;-3,933530207;-79,64597026;UNIDAD EDUCATIVA FISCOMISIONAL MONS  ALBERTO ZAMBRANO PALACIOS;MONS JORGE GUILLERMO ARMIJOS SN SUCRE ;FiscomitionalHighSchool;Costa;Presencial;Matutina;20;18;38;3;312;326;638
UNIDADEDUCATIVAFISCOMISIONALPARAPCEIHNOANGELPASTRANACORRAL;Loja_Province;LOJA;VALLE;-3,987918158;-79,20119734;UNIDAD EDUCATIVA FISCOMISIONAL PARA PCEI HNO ANGEL PASTRANA CORRAL;JUAN DE SALINAS 03-61 JOSE FELIX DE VALDIVIESO Y QUITO ;FiscomitionalHighSchool;Sierra;Semipresencial;Matutina;34;11;45;3;366;370;736
UNIDADEDUCATIVAFISCOMISIONALMARISTADECATACOCHA;Loja_Province;PALTAS;LOURDES;-4,053198301;-79,64730523;UNIDAD EDUCATIVA FISCOMISIONAL MARISTA DE CATACOCHA;CALLE LOURDES 2 CALLE SUCRE ;FiscomitionalHighSchool;Costa;Presencial;Matutina;27;23;50;10;446;494;940
UNIDADEDUCATIVAPALTAS;Loja_Province;PALTAS;LOURDES;-4,057003829;-79,64602896;UNIDAD EDUCATIVA PALTAS;VENTURA   ENCALADA Y  VIA PANAMERICANA ;FiscalHighSchool;Costa;Presencial;Matutino,Nocturno;32;17;49;8;377;413;790
ESCUELADEEDUCACIONBASICAELVIABÉLGICAJIMÉNEZDEGONZÁLEZ;Loja_Province;LOJA;MALACATOS(VALLADOLID);-4,150027393;-79,20775401;ESCUELA DE EDUCACION BASICA ELVIA BÉLGICA JIMÉNEZ DE GONZÁLEZ;   BARRIO RUMIZHITANA;FiscalHighSchool;Sierra;Presencial;Matutina;13;5;18;3;122;140;262
UNIDADEDUCATIVAMANUELJOSÉRODRIGUEZ;Loja_Province;LOJA;MALACATOS(VALLADOLID);-4,216140308;-79,2691647;UNIDAD EDUCATIVA MANUEL JOSÉ  RODRIGUEZ;   BARRIO LA TRINIDAD;FiscomitionalHighSchool;Sierra;Presencial;Matutina;22;12;34;1;372;379;751
COLEGIODEBACHILLERATOMANÚ;Loja_Province;SARAGURO;MANU;-3,485142463;-79,41391332;COLEGIO DE BACHILLERATO MANÚ;   PACAIPAMBA VIA LOJA SN;FiscalHighSchool;Costa;Presencial;Matutina;5;8;13;5;119;110;229
COLEGIODEBACHILLERATOORIANGA;Loja_Province;PALTAS;ORIANGA;-3,897668217;-79,87147629;COLEGIO DE BACHILLERATO ORIANGA;   BARRIO PUEBLO NUEVO PARROQUIA ORIANGA  A 80M DEL SUBCENTRO DE SALUD;FiscalHighSchool;Costa;Presencial;Matutina;7;4;11;2;69;100;169
COLEGIODEBACHILLERATODRCARLOSMANUELESPINOZA;Loja_Province;PALTAS;SANANTONIO;-3,97966873;-79,66452844;COLEGIO DE BACHILLERATO  DR CARLOS MANUEL ESPINOZA;   CENTRO DE  LA PARROQUIA  DE SAN ANTONIO;FiscalHighSchool;Costa;Presencial;Matutina;6;2;8;2;43;46;89
UNIDADEDUCATIVACOMUNITARIAINTERCULTURALBILINGUEABC;Loja_Province;SARAGURO;SANPABLODETENTA;-3,599750649;-79,28930189;UNIDAD EDUCATIVA COMUNITARIA INTERCULTURAL BILINGUE ABC;   PARROQUIA TENTA BARRIO MEMBRILLO;FiscalHighSchool;Sierra;Presencial;Matutina;8;16;24;2;227;229;456
UNIDADEDUCATIVACOMUNITARIAINTERCULTURALBILINGUETUPAKYUPANKI;Loja_Province;SARAGURO;SARAGURO;-3,648056931;-79,21008618;UNIDAD EDUCATIVA COMUNITARIA INTERCULTURAL BILINGUE TUPAK YUPANKI;   COMUNIDAD  OÑACAPAC;FiscalHighSchool;Sierra;Presencial;Matutino,Nocturno;12;6;18;0;110;128;238
UECOMUNITARIAINTERCULTURALBILINGUEINKASAMANA;Loja_Province;SARAGURO;SARAGURO;-3,629859879;-79,24507962;UE COMUNITARIA INTERCULTURAL BILINGUE INKA SAMANA;   COMUNIDAD ILINCHO AYLLU LLAKTA;FiscalHighSchool;Sierra;Presencial;Matutina;9;5;14;2;43;54;97
COLEGIODEBACHILLERATOSARAGURO;Loja_Province;SARAGURO;SARAGURO;-3,620804351;-79,23849981;COLEGIO DE BACHILLERATO SARAGURO;10 DE MARZO  PANAMERICANA ;FiscalHighSchool;Sierra;Presencial;Matutina,Vespertina,Nocturno;26;28;54;9;475;444;919
COLEGIODEBACHILLERATOnUKANCHIKKAWSAYPARAPCEI;Loja_Province;SARAGURO;SARAGURO;-3,624361692;-79,21730614;COLEGIO DE BACHILLERATO ÑUKANCHIK KAWSAY PARA PCEI;   COMUNIDAD DE TUNCARTA A DIEZ MINUTOS DE LA VIA A CUENCA;FiscalHighSchool;Sierra;Distancia;Matutina;3;1;4;0;57;43;100
UNIDADEDUCATIVAFISCOMISIONALSANJUANBAUTISTA;Loja_Province;CATAMAYO;CATAMAYO;-3,998662942;-79,35255704;UNIDAD EDUCATIVA FISCOMISIONAL SAN JUAN BAUTISTA;ALFREDO BAQUERIZO  DIEGO DE NOBOA ;FiscomitionalHighSchool;Sierra;Presencial;Matutina;19;6;25;3;211;277;488
UNIDADEDUCATIVAFISCOMISIONALSANTAJUANADEARCOLASALLE;Loja_Province;CALVAS;CARIAMANGA;-4,325507798;-79,55604781;UNIDAD EDUCATIVA FISCOMISIONAL SANTA JUANA DE ARCO LA SALLE;VELASCO IBARRA 00 AV.LOJA ;FiscomitionalHighSchool;Costa;Presencial;Matutina;30;16;46;4;346;419;765
UNIDADEDUCATIVAFRANCISCODEORELLANA;Loja_Province;ZAPOTILLO;LIMONES;-4,388916163;-80,35972063;UNIDAD EDUCATIVA FRANCISCO DE ORELLANA;   PARROQUIA LIMONES;FiscalHighSchool;Costa;Presencial;Matutina;10;2;12;0;78;67;145
UNIDADEDUCATIVAGONZANAMA;Loja_Province;GONZANAMA;GONZANAMA;-4,231862606;-79,43761407;UNIDAD EDUCATIVA GONZANAMA;AVENIDA 30 DE SEPTIEMBRE  24 DE MAYO ;FiscalHighSchool;Costa;Presencial;Matutina,Nocturno;28;13;41;9;205;216;421
UNIDADEDUCATIVAGREGORIOMARAnON;Loja_Province;ZAPOTILLO;BOLASPAMBA;-4,185555417;-80,36938646;UNIDAD EDUCATIVA GREGORIO MARAÑON;   BARRIO BOLASPAMBA FRENTE AL DISPENSARIO DEL SSC;FiscalHighSchool;Costa;Presencial;Matutina;3;5;8;0;56;45;101
UNIDADEDUCATIVAJOSÉMARÍARIOFRÍO;Loja_Province;ESPINDOLA;BELLAVISTA;-4,565081488;-79,45642114;UNIDAD EDUCATIVA JOSÉ MARÍA RIOFRÍO;   BARRIO REINA DEL CISNE CALLE SAN FRANCISCO VÍA A LLAMACHANCHI;FiscalHighSchool;Costa;Presencial;Matutina;8;5;13;1;68;96;164
UNIDADEDUCATIVALADOLOROSA;Loja_Province;CHAGUARPAMBA;CHAGUARPAMBA;-3,878163258;-79,6420249;UNIDAD EDUCATIVA LA DOLOROSA;   VIA YAGUACHI BARRIO ROJAS A OCHO CUADRAS DE LA IGLESIA MATRIZ;FiscomitionalHighSchool;Costa;Presencial;Matutina;20;9;29;0;213;165;378
UNIDADEDUCATIVALAPORCIUNCULA;Loja_Province;LOJA;ELSAGRARIO;-3,99580656;-79,20274688;UNIDAD EDUCATIVA LA PORCIUNCULA;CALLE BOLIVAR 0639 COLON Y JOSE ANTONIO EGUIGUREN ;ReligiousHighSchool;Sierra;Presencial;Matutina;42;5;47;12;829;159;988
UNIDADEDUCATIVAMANUELIGNACIOMONTEROVALDIVIESO;Loja_Province;LOJA;SUCRE;-3,999082173;-79,22447581;UNIDAD EDUCATIVA MANUEL IGNACIO MONTERO VALDIVIESO;   AVENIDA  VILLONACO OBRA PIA;FiscalHighSchool;Sierra;Presencial;Matutina,Vespertina,Nocturno;18;8;26;3;184;226;410
UNIDADEDUCATIVAFISCOMISIONALSANJOSEDECALASANZ;Loja_Province;SARAGURO;SARAGURO;-3,614134919;-79,23594761;UNIDAD EDUCATIVA FISCOMISIONAL SAN JOSE DE CALASANZ;   BARRIO APUGUIN;FiscomitionalHighSchool;Sierra;Presencial;Matutina;33;39;72;13;585;548;1133
UNIDADEDUCATIVAMONSLUISALFONSOCRESPO;Loja_Province;ESPINDOLA;AMALUZA;-4,581693117;-79,4227256;UNIDAD EDUCATIVA MONS LUIS ALFONSO CRESPO;AVENIDA ZUMBA SN VIA  A CONSAPAMBA ;FiscomitionalHighSchool;Costa;Presencial;Matutina;25;23;48;4;331;342;673
UNIDADEDUCATIVAMONSEnORSANTIAGOFERNANDEZGARCÍA;Loja_Province;CALVAS;COLAISACA;-4,264975398;-79,71286394;UNIDAD EDUCATIVA MONSEÑOR SANTIAGO FERNANDEZ GARCÍA;   BARRIO CENTRAL VELAZCO IBARRA Y 18 DE NOVIEMBRE;FiscomitionalHighSchool;Costa;Presencial;Matutina,Nocturno;68;55;123;15;968;1117;2085
UNIDADEDUCATIVAMUSHUKRIMAK;Loja_Province;LOJA;SANLUCAS;-3,738634821;-79,26333774;UNIDAD EDUCATIVA MUSHUK RIMAK;   CABECERA PARROQUIAL;FiscalHighSchool;Sierra;Presencial;Matutina;11;14;25;2;209;157;366
UNIDADEDUCATIVAFISCOMISIONALFRAYCRISTÓBALZAMBRANO;Loja_Province;SARAGURO;SARAGURO;-3,626087507;-79,23964164;UNIDAD EDUCATIVA FISCOMISIONAL FRAY CRISTÓBAL ZAMBRANO;LOJA  CRISTOBAL ZAMBRANO ;FiscomitionalHighSchool;Sierra;Presencial;Matutina;13;10;23;1;171;189;360
COLEGIODEBACHILLERATOVICENTEBASTIDASREINOSO;Loja_Province;SARAGURO;SELVAALEGRE;-3,555560043;-79,35491363;COLEGIO DE BACHILLERATO VICENTE BASTIDAS REINOSO;   BARRIO VALLE HERMOSO;FiscalHighSchool;Costa;Presencial;Matutina;5;7;12;3;96;98;194
ESCUELADEEDUCACIÓNBÁSICAORILLASDELJUBONES;Loja_Province;SARAGURO;SUMAYPAMBA;-3,357721821;-79,35022442;ESCUELA DE EDUCACIÓN BÁSICA ORILLAS DEL JUBONES;   BARRIO SUMAYPAMBA;FiscalHighSchool;Costa;Presencial;Matutina,Vespertina;9;4;13;0;91;89;180
COLEGIOPROFESORVIRGILIOABARCAMONTESINOS;Loja_Province;SARAGURO;URDANETA(PAQUISHAPA);-3,606226243;-79,21014149;COLEGIO PROFESOR VIRGILIO ABARCA MONTESINOS;   PARROQUIA URDANETA;FiscalHighSchool;Sierra;Presencial;Matutina;9;13;22;3;167;207;374
ESCUELADEEDUCACIONBASICAMARIETADEVEINTIMILLA;Loja_Province;LOJA;VALLE;-3,944304255;-79,22533122;ESCUELA DE EDUCACION BASICA MARIETA DE VEINTIMILLA;AV  CHUQUIRIBAMBA 00 AV  INTEGRACION BARRIAL Y  LAGUNA DE YAMBO ;FiscalHighSchool;Sierra;Presencial;Matutina,Vespertina;33;19;52;4;495;615;111
I.E.ESPECIALDELOJANO.2;Loja_Province;LOJA;VALLE;-3,971886224;-79,19719843;I.E. ESPECIAL DE LOJA NO. 2;AGUSTIN PALACIOS 1 TRAS DEL ASILO DE ANCIANO DANIEL ALVAREZ SANCHEZ ;FiscomitionalHighSchool;Sierra;Presencial;Matutina;11;3;14;1;17;40;57
SERVICIOECUATORIANODECAPACITACIÓNPROFESIONALSECAP;Loja_Province;LOJA;VALLE;-3,995405;-79,195399;SERVICIO ECUATORIANO DE CAPACITACIÓN PROFESIONAL SECAP;GRANADA LOJA AV ISIDRO AYORA ;FiscalHighSchool;Sierra;Presencial;Matutina;1;1;2;16;;13;13
UNIDADEDUCFISCOMISIONALPARAPCEIJOSEMARIAVELAZEXT1LOJA;Loja_Province;LOJA;VALLE;-3,981941278;-79,20127336;UNIDAD EDUC FISCOMISIONAL PARA PCEI JOSE MARIA VELAZ EXT 1 LOJA;ESMERALDAS  GUAYAQUIL Y MANTA ;FiscomitionalHighSchool;Sierra;Semipresencial;Vespertina;6;3;9;2;92;92;184
UNIDADEDUCATIVACOMILN5LAUROGUERRERO;Loja_Province;LOJA;VALLE;-3,948808534;-79,21741644;UNIDAD EDUCATIVA COMIL N 5 LAURO GUERRERO;SALVADOR BUSTAMANTE CELI  ninguna ;FiscalHighSchool;Sierra;Presencial;Matutina;43;19;62;20;473;866;1339
UNIDADEDUCATIVAFERNANDOSUAREZPALACIO;Loja_Province;LOJA;VALLE;-3,951781033;-79,24161213;UNIDAD EDUCATIVA FERNANDO SUAREZ PALACIO;AVENIDA PABLO PALACIO 1 SIN NOMBRE ;FiscalHighSchool;Sierra;Presencial;Matutina;16;5;21;2;185;172;357
UNIDADEDUCATIVAFISCOMISIONALPARAPCIHERMANOANGELPASTRANA;Loja_Province;LOJA;VALLE;-3,987918158;-79,20119734;UNIDAD EDUCATIVA FISCOMISIONAL  PARA PCI HERMANO ANGEL PASTRANA;BERNARDO VALDIVIESO 0361 QUITO Y JOSE FELIX DE VALDIVIESO ;FiscomitionalHighSchool;Costa;Distancia;Matutina;44;21;65;1;514;584;1098
UNIDADEDUCATIVAFISCOMISIONALCALASANZ;Loja_Province;LOJA;VALLE;-3,976996903;-79,20211244;UNIDAD EDUCATIVA FISCOMISIONAL CALASANZ;AVENIDA ORILLAS DEL ZAMORA  ISIDRO AYORA ;FiscomitionalHighSchool;Sierra;Presencial;Matutina,Nocturno;59;29;88;24;1.079;121;2289
COLEGIODEBACHILLERATOFRANCISCOVALDIVIESOALVARADO;Loja_Province;PALTAS;YAMANA;-4,003836171;-79,69861391;COLEGIO DE BACHILLERATO FRANCISCO VALDIVIESO ALVARADO;   AV 20  DE JULIO;FiscalHighSchool;Costa;Presencial;Matutina;4;4;8;3;34;39;73
UNIDADEDUCATIVAPARTICULARATENEO;Loja_Province;LOJA;ELSAGRARIO;-3,998861008;-79,20188483;UNIDAD EDUCATIVA PARTICULAR ATENEO;CALLE SUCRE 05-43 COLÓN E IMBABAURA ;LaicHighSchool;Sierra;Presencial;Matutina;23;2;25;6;134;173;307
UNIDADEDUCATIVAPARTICULARJOSEANTONIOEGUIGURENLASALLE;Loja_Province;LOJA;ELSAGRARIO;-3,998277339;-79,19552922;UNIDAD EDUCATIVA PARTICULAR JOSE ANTONIO EGUIGUREN  LA SALLE;AVENIDA ORILLAS DEL ZAMORA 3 ROCAFUERTE ;ReligiousHighSchool;Sierra;Presencial;Matutina;28;17;45;19;314;610;924
UNIDADEDUCATIVAPARTICULARJUANMONTALVO;Loja_Province;LOJA;SANSEBASTIAN;-4,00330276;-79,19455478;UNIDAD EDUCATIVA PARTICULAR JUAN MONTALVO;AV. EMILIANO ORTEGA 1375 LOURDES ;LaicHighSchool;Sierra;Presencial;Matutina;14;4;18;8;75;92;167
UNIDADEDUCATIVASANFRANCISCODEASIS;Loja_Province;LOJA;ELSAGRARIO;-3,994529151;-79,20164216;UNIDAD EDUCATIVA SAN FRANCISCO DE ASIS;IMBABURA 13-46 BOLIVAR  Y BERNARDO VALDIVIESO ;FiscomitionalHighSchool;Sierra;Presencial;Matutina;44;18;62;8;612;795;1407
UNIDADEDUCATIVASANVICENTEDEPAÚL;Loja_Province;GONZANAMA;CHANGAIMINA(LALIBERTAD);-4,222472809;-79,52389241;UNIDAD EDUCATIVA SAN VICENTE DE PAÚL;   A UNA CUADRA DEL SANTUARIO REINA DE LA CARIDAD;FiscomitionalHighSchool;Costa;Presencial;Matutina;14;12;26;6;218;216;434
UNIDADEDUCATIVASANGUILLIN;Loja_Province;CALVAS;SANGUILLIN;-4,449720315;-79,50338441;UNIDAD EDUCATIVA SANGUILLIN;   CENTRO PARROQUIAL SANGUILLIN FRENTE AL PARQUE CENTRAL;FiscalHighSchool;Costa;Presencial;Matutina;8;8;16;4;112;100;212
UNIDADEDUCATIVASANTAMARIANADEJESUS;Loja_Province;LOJA;ELSAGRARIO;-3,99811577;-79,20017568;UNIDAD EDUCATIVA SANTA MARIANA DE JESUS;OLMEDO 0960 ROCAFUERTE Y MIGUEL RIOFRIO ;ReligiousHighSchool;Sierra;Presencial;Matutina;43;13;56;22;1.199;88;1287
UNIDADEDUCATIVASANTAMARIANADEJESUS;Loja_Province;MACARA;MACARA(MANUELENRIQUERENGELSUQUILANDA);-4,354343123;-79,97028583;UNIDAD EDUCATIVA SANTA MARIANA DE JESUS;JUVENAL JARAMILLO 69-15 ALAMOR ;FiscomitionalHighSchool;Costa;Presencial;Matutina;28;9;37;3;493;354;847
UNIDADEDUCATIVASANTATERESITA;Loja_Province;CELICA;CELICA;-4,103198553;-79,95635732;UNIDAD EDUCATIVA SANTA TERESITA;GARCIA MORENO  PRESBITERO RIOFRIO ;FiscomitionalHighSchool;Costa;Presencial;Matutina;36;11;47;4;354;384;738
UNIDADEDUCATIVATIOPAMBA;Loja_Province;ESPINDOLA;AMALUZA;-4,539268286;-79,42569281;UNIDAD EDUCATIVA TIOPAMBA;   VIA AMALUZA A CARIAMANGA KM 8 BARRIO  TIOPAMBA;FiscalHighSchool;Costa;Presencial;Matutina;9;7;16;3;79;63;142
